id	doi	first_author	title	added
doi:10.31234~osf.io~43q8z	10.31234/osf.io/43q8z	Mell H	Early life adversity is associated with diminished social trust in adults	2026-10-02
doi:10.1101~2025.08.16.670645	10.1101/2025.08.16.670645	Roeder L	Distinct brain mechanisms support trust violations, belief integration, and bias in human-AI teams	2026-10-02
doi:10.1101~2025.09.03.25331929	10.1101/2025.09.03.25331929	Nolte T	Epistemic Trust, Mistrust and Credulity Questionnaire (ETMCQ) - Validation of the German version in a representative sample	2026-10-02
doi:10.31234~osf.io~mu9cr_v2	10.31234/osf.io/mu9cr_v2	Godazgar T	Depth Before Strategy: Temporal Choice-History Signatures Reveal Reduced Recursive Social Planning in Autism	2026-10-02
doi:10.64898~2026.03.27.714726	10.64898/2026.03.27.714726	Zhang S	Egocentric belief attribution enables higher level Theory of Mind computation in group interactions	2026-10-02
doi:10.31234~osf.io~a65f3_v1	10.31234/osf.io/a65f3_v1	Berke M	People use theory of mind to craft lies exploiting audience desires	2026-10-02
doi:10.64898~2026.09.21.753139	10.64898/2026.09.21.753139	Nagel PM	Dimensional and Categorical Predictors of Theory of Mind Network Activation: A transdiagnostic fMRI Study in Psychiatric Inpatients	2026-10-02
doi:10.31234~osf.io~bv295_v1	10.31234/osf.io/bv295_v1	Toscano F	Aversion to intergroup inequality can be leveraged to promote intergroup cooperation	2026-10-02
doi:10.31234~osf.io~dzhrx_v1	10.31234/osf.io/dzhrx_v1	Nafcha O	Group-dependent learning and decision neural signals underlie the persistence of intergroup bias	2026-10-02
doi:10.31234~osf.io~sug2e_v1	10.31234/osf.io/sug2e_v1	Bottein L	Effortful Bias Regulation in Social Evaluations: A Drift Diffusion Approach to Race–Gender Judgements	2026-10-02
doi:10.31234~osf.io~kh5c4	10.31234/osf.io/kh5c4	Alon N	Between prudence and paranoia: Theory of Mind gone right, and wrong	2026-10-02
doi:10.31234~osf.io~3tacd_v3	10.31234/osf.io/3tacd_v3	Gregorova K	Adolescents with Borderline Personality Disorder do not learn they are liked and show altered self-esteem reactivity to social feedback	2026-10-02
doi:10.31234~osf.io~pqn6h_v2	10.31234/osf.io/pqn6h_v2	Kingston JL	Social exclusion increases paranoia and reduces self and other learning flexibility in adolescents	2026-10-02
doi:10.31234~osf.io~279cw_v1	10.31234/osf.io/279cw_v1	Bürgi N	Altered adaptive mentalization in autistic adults	2026-10-02
doi:10.31234~osf.io~cjwks_v1	10.31234/osf.io/cjwks_v1	Tepfer L	The neurocomputational mechanisms of naturalistic trait impression updating	2026-10-02
doi:10.31234~osf.io~jxzca_v2	10.31234/osf.io/jxzca_v2	Lin C	Target and perceiver informational determinants of naturalistic trait impression updating	2026-10-02
doi:10.31234~osf.io~gt4q6_v1	10.31234/osf.io/gt4q6_v1	Lee L	Trust Issues: Social Learning Under Misaligned Goals	2026-10-02
doi:10.64898~2026.09.18.752742	10.64898/2026.09.18.752742	Davis AN	Single neurons in the human substantia nigra encode social learning signals	2026-10-02
doi:10.48550~arxiv.2609.34005	10.48550/arxiv.2609.34005	Geng Y	Learning to cooperate in a changing world: How caring about the future promotes cooperation across scales	2026-10-02
doi:10.31234~osf.io~df5vb_v2	10.31234/osf.io/df5vb_v2	Guennouni I	When Positive Relational Experiences Backfire: Exposure to Forgiving, Consistently Trusting Agents Lowers Subsequent Reciprocity	2026-10-02
doi:10.31234~osf.io~cxpdb_v2	10.31234/osf.io/cxpdb_v2	Zeng TC	The Cultural Evolution of Analytic and Holistic Thought: How Informational Ecologies shape Bayesian Reasoning	2026-10-02
doi:10.5281~zenodo.22912772	10.5281/zenodo.22912772	Lipp A	Preprint: Observational learning of disgust responses	2026-10-02
doi:10.5281~zenodo.22957902	10.5281/zenodo.22957902	Lemaignan S	The Structure of Social Cognition: Precursors, Mechanisms, and Competencies	2026-10-02
